id,title,score,num_comments,author,created_utc,url,over_18,edited,spoiler,stickied,post_category,sentiment
1ckw46a,Bundles + upsales,3,5,JasnX,2024-05-05 17:11:54,https://www.reddit.com/r/shopify/comments/1ckw46a/bundles_upsales/,False,False,False,False,Business,Neutral
1ckr1tp,Net Sales report - what is considered in Net Sales?,4,5,paulcjones,2024-05-05 13:16:21,https://www.reddit.com/r/shopify/comments/1ckr1tp/net_sales_report_what_is_considered_in_net_sales/,False,False,False,False,Business,Neutral
1ckxhrl,Is this a legit way to integrate Klarna with Stripe for Shopify?,3,2,EverydayMustBeFriday,2024-05-05 18:12:58,https://www.reddit.com/r/shopify/comments/1ckxhrl/is_this_a_legit_way_to_integrate_klarna_with/,False,False,False,False,Technical,Neutral
1ckt2jf,Which site to test speed?,3,4,breakonthrough65,2024-05-05 14:55:15,https://www.reddit.com/r/shopify/comments/1ckt2jf/which_site_to_test_speed/,False,False,False,False,Technical,Neutral
1clap9r,Anyone tried shopify and woocomerce and then moved to woocomerce because you thought it was better?,2,10,swiggyu,2024-05-06 04:43:21,https://www.reddit.com/r/shopify/comments/1clap9r/anyone_tried_shopify_and_woocomerce_and_then/,False,False,False,False,Business,Neutral
1cl4tde,Using parts of PageFly template sections to your theme?,2,7,Vegetable_Gold4328,2024-05-05 23:33:45,https://www.reddit.com/r/shopify/comments/1cl4tde/using_parts_of_pagefly_template_sections_to_your/,False,False,False,False,Technical,Neutral
1cl4gmr,How to setup international shipping and tax,2,6,_IOXROGUE_,2024-05-05 23:17:36,https://www.reddit.com/r/shopify/comments/1cl4gmr/how_to_setup_international_shipping_and_tax/,False,False,False,False,Business,Neutral
1ckz1w0,QBO Integration Question,2,2,Welinder,2024-05-05 19:20:44,https://www.reddit.com/r/shopify/comments/1ckz1w0/qbo_integration_question/,False,False,False,False,Technical,Neutral
1ckym2v,Customer waiting for package,2,6,spaghettiscarf,2024-05-05 19:01:49,https://www.reddit.com/r/shopify/comments/1ckym2v/customer_waiting_for_package/,False,False,False,False,Customer Support,Neutral
1ckvth2,Show Shipping Profile on Product Page?,2,5,Samadhian,2024-05-05 16:58:56,https://www.reddit.com/r/shopify/comments/1ckvth2/show_shipping_profile_on_product_page/,False,False,False,False,Technical,Neutral
1clf59b,Basic Schemas every Shopify Store should have,1,1,navdeep-soni,2024-05-06 09:49:29,https://www.reddit.com/r/shopify/comments/1clf59b/basic_schemas_every_shopify_store_should_have/,False,False,False,False,Technical,Neutral
1clebg2,Guys I recently started buying paintings from a nearby thrift stores and Iâ€™m planning on selling it on shopify internationally. Is that possible ? ,1,6,No-Witness-4023,2024-05-06 08:50:43,https://www.reddit.com/r/shopify/comments/1clebg2/guys_i_recently_started_buying_paintings_from_a/,False,False,False,False,Business,Neutral
1cku7s1,I'm Lost On Shopify and Have No Idea Where To Start  ,1,4,MikeCromms,2024-05-05 15:46:56,https://www.reddit.com/r/shopify/comments/1cku7s1/im_lost_on_shopify_and_have_no_idea_where_to_start/,False,False,False,False,Technical,Negative
1ckul8l,I'm Lost On Shopify and Have No Idea Where To Start,0,41,MikeCromms,2024-05-05 16:03:49,https://www.reddit.com/r/shopify/comments/1ckul8l/im_lost_on_shopify_and_have_no_idea_where_to_start/,False,False,False,False,Business,Negative
